Metric,Baseline,Filtered (300),All (1000),Δ Filtered,Δ All
Accuracy,87.42514970059881,90.55222887558216,89.28809048569526,3.1270791749833506,1.8629407850964554
Precision (Macro),78.24261110623772,89.65610835599637,87.29192588716398,11.413497249758649,9.049314780926267
Recall (Macro),78.1560567874079,79.90234967209945,78.59817852389526,1.7462928846915418,0.4421217364873513
Specificity (Macro),96.80862379350987,97.32043960142981,97.03388212997763,0.5118158079199446,0.2252583364677605
BMA,87.4823402904589,88.61139463676463,87.81603032693643,1.129054346305736,0.3336900364775346
