Model,Precision (%),Recall (%),Specificity (%),F1-Score (%)
Baseline,77.62237762237763,66.46706586826348,97.60479041916167,71.61290322580646
Augmented (All 1000),78.94736842105263,71.8562874251497,97.60479041916167,75.23510971786834
