Model,Precision (%),Recall (%),Specificity (%),F1-Score (%)
Baseline,77.62237762237763,66.46706586826348,97.60479041916167,71.61290322580646
Filtered (300),78.94736842105263,71.8562874251497,97.60479041916167,75.23510971786834
All (1000),71.42857142857143,71.8562874251497,96.40718562874252,71.64179104477611
