Metric,Baseline,Augmented (All 1000),Improvement (All)
Accuracy,87.42514970059881,90.55222887558216,3.1270791749833506
Precision (Macro),78.24261110623772,89.65610835599637,11.413497249758649
Recall (Macro),78.1560567874079,79.90234967209945,1.7462928846915418
Specificity (Macro),96.80862379350987,97.32043960142981,0.5118158079199446
BMA,87.4823402904589,88.61139463676463,1.129054346305736
